{"stat.walkOneCm":19292,"stat.leaveGame":1,"stat.damageTaken":260,"stat.mineBlock.minecraft.yellow_flower":1,"stat.mineBlock.minecraft.double_plant":1,"stat.talkedToVillager":18,"stat.flyOneCm":78753,"stat.deaths":1,"stat.pickup.minecraft.wheat_seeds":5,"stat.drop":4,"stat.jump":266,"stat.swimOneCm":628,"stat.playOneMinute":10397,"stat.fallOneCm":7583,"stat.climbOneCm":522,"stat.drop.minecraft.wheat_seeds":4,"stat.sneakTime":362,"stat.damageDealt":14,"stat.crouchOneCm":738,"stat.timeSinceDeath":4506,"stat.pickup.minecraft.dirt":1,"stat.sprintOneCm":24470,"stat.mineBlock.minecraft.dirt":1,"stat.useItem.minecraft.stone_slab2":1,"stat.mineBlock.minecraft.tallgrass":21,"stat.diveOneCm":11888}