{"stat.walkOneCm":55014,"stat.leaveGame":3,"stat.pickup.minecraft.arrow":1,"stat.pickup.minecraft.crafting_table":1,"stat.pickup.minecraft.stone_pickaxe":2,"stat.craftItem.minecraft.crafting_table":1,"stat.mineBlock.minecraft.yellow_flower":1,"stat.mineBlock.minecraft.double_plant":1,"stat.talkedToVillager":24,"stat.pickup.minecraft.log":5,"stat.jump":685,"stat.swimOneCm":1166,"stat.fallOneCm":20790,"stat.climbOneCm":2731,"stat.crouchOneCm":2646,"stat.pickup.minecraft.dirt":1,"stat.sprintOneCm":58945,"stat.useItem.minecraft.stone_slab2":1,"stat.craftItem.minecraft.stick":4,"stat.craftingTableInteraction":2,"stat.pickup.minecraft.rotten_flesh":1,"stat.entityKilledBy.mutantbeasts.mutant_skeleton":4,"stat.craftItem.minecraft.planks":20,"stat.useItem.minecraft.egg":1,"stat.pickup.minecraft.wooden_pickaxe":1,"stat.damageTaken":1490,"stat.craftItem.minecraft.stone_pickaxe":1,"stat.useItem.minecraft.wooden_pickaxe":3,"stat.pickup.minecraft.cobblestone":3,"stat.mineBlock.minecraft.log":5,"stat.pickup.minecraft.planks":26,"stat.flyOneCm":188918,"stat.deaths":5,"stat.pickup.minecraft.wheat_seeds":5,"stat.drop":4,"stat.pickup.minecraft.egg":3,"stat.playOneMinute":23143,"stat.drop.minecraft.wheat_seeds":4,"stat.sneakTime":1194,"stat.damageDealt":44,"stat.timeSinceDeath":1807,"stat.mineBlock.minecraft.dirt":1,"stat.craftItem.minecraft.wooden_pickaxe":1,"stat.mineBlock.minecraft.stone":3,"stat.mineBlock.minecraft.tallgrass":22,"stat.diveOneCm":14149,"stat.pickup.minecraft.wheat":1}