{"stat.pickup.minecraft.rotten_flesh":1,"stat.walkOneCm":13349,"stat.entityKilledBy.mutantbeasts.mutant_skeleton":6,"stat.craftItem.minecraft.planks":12,"stat.leaveGame":2,"stat.pickup.minecraft.crafting_table":1,"stat.damageTaken":1970,"stat.pickup.minecraft.stone_pickaxe":1,"stat.craftItem.minecraft.crafting_table":1,"stat.craftItem.minecraft.wooden_sword":1,"stat.mineBlock.minecraft.log":3,"stat.pickup.minecraft.planks":19,"stat.pickup.minecraft.wooden_sword":2,"stat.pickup.minecraft.log":3,"stat.flyOneCm":91965,"stat.deaths":7,"stat.pickup.minecraft.wheat_seeds":6,"stat.jump":345,"stat.swimOneCm":5746,"stat.mineBlock.minecraft.leaves":2,"stat.pickup.minecraft.potato":2,"stat.playOneMinute":9929,"stat.fallOneCm":18007,"stat.climbOneCm":5500,"stat.useItem.minecraft.wooden_sword":8,"stat.sneakTime":13,"stat.entityKilledBy.Skeleton":1,"stat.damageDealt":192,"stat.timeSinceDeath":219,"stat.sprintOneCm":35040,"stat.useItem.minecraft.stone_slab2":1,"stat.mineBlock.minecraft.tallgrass":1,"stat.diveOneCm":5892,"stat.craftItem.minecraft.stick":4,"stat.pickup.minecraft.wheat":3,"stat.craftingTableInteraction":1}