{
  "minecraft:recipes/transportation/acacia_boat": {
    "criteria": {
      "entered_water": "2020-11-01 19:15:16 -0600"
    },
    "done": true
  },
  "minecraft:recipes/transportation/dark_oak_boat": {
    "criteria": {
      "entered_water": "2020-11-01 19:15:16 -0600"
    },
    "done": true
  },
  "minecraft:recipes/transportation/birch_boat": {
    "criteria": {
      "entered_water": "2020-11-01 19:15:16 -0600"
    },
    "done": true
  },
  "minecraft:recipes/transportation/boat": {
    "criteria": {
      "entered_water": "2020-11-01 19:15:16 -0600"
    },
    "done": true
  },
  "minecraft:recipes/transportation/jungle_boat": {
    "criteria": {
      "entered_water": "2020-11-01 19:15:16 -0600"
    },
    "done": true
  },
  "cfm:root": {
    "criteria": {
      "tick": "2020-11-01 19:12:35 -0600"
    },
    "done": true
  },
  "minecraft:recipes/transportation/spruce_boat": {
    "criteria": {
      "entered_water": "2020-11-01 19:15:16 -0600"
    },
    "done": true
  },
  "cfm:install": {
    "criteria": {
      "tick": "2020-11-01 19:12:35 -0600"
    },
    "done": true
  },
  "minecraft:adventure/adventuring_time": {
    "criteria": {
      "swampland": "2020-11-01 19:14:04 -0600",
      "birch_forest": "2020-11-01 19:13:51 -0600",
      "plains": "2020-11-01 19:12:43 -0600",
      "river": "2020-11-01 19:12:34 -0600"
    },
    "done": false
  }
}